{"current":{"color_body_bg":"#ffffff","color_body_text":"#333333","color_primary_color":"#333333","color_primary_button_text":"#ffffff","color_sale_badge":"#c8493f","color_borders":"#e8e8e8","color_form":"#f4f4f4","color_image_overlay_text":"#fff","color_image_overlay":"#333333","image_overlay_opacity":25,"type_header_font":"times_new_roman_n4","type_header_base_size":"28px","type_base_font":"helvetica_n4","type_base_size":"15px","type_button_base_size":"14px","type_navigation_base_size":"16px","cart_enable_ajax":true,"show_breadcrumb_nav":true,"share_image":"","social_facebook_link":"","social_twitter_link":"","social_pinterest_link":"","social_instagram_link":"","social_snapchat_link":"","social_google_plus_link":"","social_tumblr_link":"","social_youtube_link":"","social_vimeo_link":"","social_fancy_link":"","main_blog":"","share_facebook":true,"share_twitter":true,"share_pinterest":true,"favicon":"","checkout_header_image":"","checkout_logo_image":"","checkout_logo_position":"left","checkout_logo_size":"large","checkout_body_background_image":"","checkout_body_background_color":"#fff","checkout_input_background_color_mode":"white","checkout_sidebar_background_image":"","checkout_sidebar_background_color":"#fafafa","checkout_heading_font":"-apple-system, BlinkMacSystemFont, 'Segoe UI', Roboto, Helvetica, Arial, sans-serif, 'Apple Color Emoji', 'Segoe UI Emoji', 'Segoe UI Symbol'","checkout_body_font":"-apple-system, BlinkMacSystemFont, 'Segoe UI', Roboto, Helvetica, Arial, sans-serif, 'Apple Color Emoji', 'Segoe UI Emoji', 'Segoe UI Symbol'","checkout_accent_color":"#197bbd","checkout_button_color":"#197bbd","checkout_error_color":"#e32c2b","sections":{"featured-products":{"type":"featured-products","settings":{"title":"居家必备调味料","home_page_featured_products":"居家必备调味料","home_featured_products_row_num":4}},"featured-content":{"type":"featured-content","settings":{"section_title":"Talk about your brand","text":"<p>Use this text to share information about your brand with your customers. Describe a product, share announcements, or welcome customers to your store.<\/p>","text_size":"medium"}},"footer":{"type":"footer","blocks":{"footer-0":{"type":"menu","settings":{"title":"Links","menu":"footer"}}},"block_order":["footer-0"],"settings":{"show_payment_icons":true}},"header":{"type":"header","settings":{"logo":"shopify:\/\/shop_images\/brand_ed179b01-2f00-4b8d-80d8-ac822fd80d59.PNG","logo_max_width":250,"show_announcement":true,"home_page_only":true,"announcement_text":"买满50刀免运费","announcement_link":"","tagline":""}},"sidebar":{"type":"sidebar","settings":{"main_menu_link_list":"main-menu"}},"collection-template":{"type":"collection-template","settings":{"vendor_show":true,"collection_sort_enable":true,"collection_tag_enable":true}},"1584231176008":{"type":"collection-list","blocks":{"1584231176008-0":{"type":"collection","settings":{"collection":"居家必备调味料"}},"1584231176008-1":{"type":"collection","settings":{"collection":"中亚零食饮品"}},"1584231176008-2":{"type":"collection","settings":{"collection":"水果与素菜"}},"1584231258378":{"type":"collection","settings":{"collection":"家禽肉类"}}},"block_order":["1584231176008-0","1584231176008-1","1584231176008-2","1584231258378"],"settings":{"title":"精选必备系列","grid":4}},"product-template":{"type":"product-template","settings":{"product_quantity_enable":false,"vendor_show":false,"social_sharing_products":true,"product_description_position":"below","show_extra_tab":false,"extra_tab_content":"","product_image_zoom_type":"lightbox","enable_payment_button":true,"add_to_cart_width":"regular"}},"product-recommendations":{"type":"product-recommendations","settings":{"show_product_recommendations":true,"heading":"You may also like","vendor_show":false}}},"content_for_index":["1584231176008","featured-products","featured-content"]},"presets":{"Light":{"color_body_bg":"#ffffff","color_body_text":"#333333","color_primary_color":"#333333","color_primary_button_text":"#ffffff","color_sale_badge":"#c8493f","color_borders":"#e8e8e8","color_form":"#f4f4f4","color_image_overlay_text":"#fff","color_image_overlay":"#333333","image_overlay_opacity":"25","type_header_font":"times_new_roman_n4","type_header_base_size":"28px","type_base_font":"helvetica_n4","type_base_size":"15px","type_button_base_size":"14px","type_navigation_base_size":"16px","show_breadcrumb_nav":true,"share_facebook":true,"share_twitter":true,"share_pinterest":true,"sections":{"featured-products":{"type":"featured-products","settings":{"home_page_featured_products":"frontpage"}},"featured-content":{"type":"featured-content","settings":{}},"footer":{"type":"footer","blocks":{"footer-0":{"type":"menu","settings":{"menu":"footer"}}},"block_order":["footer-0"],"settings":{}}},"content_for_index":["featured-products","featured-content"]},"Beauty":{"color_body_bg":"#fafafa","color_body_text":"#3c4049","color_primary_color":"#c13121","color_primary_button_text":"#ffffff","color_sale_badge":"#c13121","color_borders":"#d7d8d2","color_form":"#ffffff","color_image_overlay_text":"#fff","color_image_overlay":"#605050","image_overlay_opacity":45,"type_header_font":"futura_n4","type_header_base_size":"32px","type_base_font":"futura_n4","type_base_size":"19px","type_button_base_size":"14px","type_navigation_base_size":"16px","show_breadcrumb_nav":true,"share_facebook":true,"share_twitter":true,"share_pinterest":true,"sections":{"header":{"type":"header","settings":{"show_announcement":true}},"slideshow":{"type":"slideshow","blocks":{"slideshow-0":{"type":"image","settings":{"text_alignment":"left"}},"slideshow-1":{"type":"image","settings":{"text_alignment":"left"}},"slideshow-2":{"type":"image","settings":{"text_alignment":"left"}}},"block_order":["slideshow-0","slideshow-1","slideshow-2"],"settings":{"slider_height":"medium","slider_home_rate":5}},"advanced-content-0":{"type":"advanced-content","blocks":{"advanced-content-0-0":{"type":"html","settings":{"code":"<hr>"}}},"block_order":["advanced-content-0-0"],"settings":{"title":""}},"featured-content":{"type":"featured-content","settings":{"section_title":"","text_size":"large"}},"featured-products":{"type":"featured-products","settings":{"home_page_featured_products":"frontpage"}},"advanced-content-1":{"type":"advanced-content","blocks":{"advanced-content-1-0":{"type":"html","settings":{"code":"<hr>"}}},"block_order":["advanced-content-1-0"],"settings":{"title":""}},"featured-row":{"type":"featured-row","settings":{"layout":"right"}},"product-template":{"type":"product-template","settings":{"product_quantity_enable":true,"vendor_show":true,"product_description_position":"right","show_extra_tab":true,"extra_tab_content":"","product_image_zoom_type":"none","add_to_cart_width":"full_width"}},"collection-template":{"type":"collection-template","settings":{"vendor_show":true,"collection_tag_enable":true}},"footer":{"type":"footer","blocks":{"footer-0":{"type":"menu","settings":{"menu":"footer"}},"footer-1":{"type":"text","settings":{}},"footer-2":{"type":"newsletter","settings":{}}},"block_order":["footer-0","footer-1","footer-2"],"settings":{}}},"content_for_index":["slideshow","advanced-content-0","featured-content","featured-products","advanced-content-1","featured-row"]},"Toy":{"color_body_text":"#5b4c45","color_primary_color":"#0f857c","color_primary_button_text":"#ffffff","color_sale_badge":"#a5674d","color_borders":"#ede8e7","color_image_overlay":"#0f857c","image_overlay_opacity":55,"type_header_font":"swiss_721_rounded_n7","type_header_base_size":"28px","type_base_font":"itc_johnston_n5","type_base_size":"16px","type_button_base_size":"14px","type_navigation_base_size":"16px","show_breadcrumb_nav":true,"share_facebook":true,"share_twitter":true,"share_pinterest":true,"sections":{"header":{"type":"header","settings":{"show_announcement":true}},"slideshow":{"type":"slideshow","blocks":{"slideshow-0":{"type":"image","settings":{}}},"block_order":["slideshow-0"],"settings":{"slider_height":"large","text_size":"large"}},"featured-products":{"type":"featured-products","settings":{}},"map":{"type":"map","settings":{}},"product-template":{"type":"product-template","settings":{"product_quantity_enable":true,"vendor_show":true,"product_description_position":"right","show_extra_tab":true,"extra_tab_content":"","product_image_zoom_type":"none","add_to_cart_width":"regular"}},"collection-template":{"type":"collection-template","settings":{"vendor_show":false}},"footer":{"type":"footer","blocks":{"footer-0":{"type":"menu","settings":{"menu":"footer"}},"footer-1":{"type":"newsletter","settings":{}}},"block_order":["footer-0","footer-1"],"settings":{}}},"content_for_index":["slideshow","featured-products","map"]}}}